{
    "metadata": {
        "description": "Origami Tessellation Simulation Data"
    },
    "parameters": {
        "n": 3,
        "s": 1.08,
        "mu": 0.00,
        "N": 12
    },
    "data": {
        "k": [
            0,
            0,
            0
        ],
        "sigma": [
            "M",
            "M",
            "M"
        ],
        "l_L": [
            1.41421356237,
            1.41421356237,
            1
        ],
        "l_M": [
            0.91,
            1.91,
            0.91
        ],
        "l_R": [
            1.41421356237,
            1.41421356237,
            1
        ]
    }
}